Cluster,Count,Percentage
Excellent,245,4.952496462502527
Good,2816,56.923387911865774
Neutral,1494,30.200121285627652
Poor,390,7.883565797453001
Very_Poor,2,0.04042854255104103
