Cluster,Count,Percentage,Total
Excellent,245,4.952496463,4947
Good,2816,56.92338791,
Neutral,1494,30.20012129,
Poor,390,7.883565797,
Very_Poor,2,0.040428543,
